,ts,qid,question,derivation,calc_pattern,code_calc_pattern,pred,pred_scale,answer,scale,value_match,selection_success,sign_error,is_parenth_in_table,has_code_abs,error_text,value_list,code,selected_values,needed_values,exact_match,error_code
0,1771356406.986266,a0414f81-8dc2-44b2-a441-2c9d9c805c4d,What is the 2019 average defined contribution schemes?,(166+178)/2,(#+#)/#,#/#,166.0,million,172.0,million,False,False,False,False,False,,"[{'number_value': 166.0, 'scale': 'million', 'category': 'Defined contribution schemes', 'header1': '2019 € million', 'header2': 'Income statement expense', 'header3': 'Income statement expense'}, {'number_value': 178.0, 'scale': 'million', 'category': 'Defined contribution schemes', 'header1': '2018 € million', 'header2': 'Income statement expense', 'header3': 'Income statement expense'}, {'number_value': 192.0, 'scale': 'million', 'category': 'Defined contribution schemes', 'header1': '2017 € million', 'header2': 'Income statement expense', 'header3': 'Income statement expense'}, {'number_value': 57.0, 'scale': 'million', 'category': 'Defined benefit schemes', 'header1': '2019 € million', 'header2': 'Income statement expense', 'header3': 'Income statement expense'}, {'number_value': 44.0, 'scale': 'million', 'category': 'Defined benefit schemes', 'header1': '2018 € million', 'header2': 'Income statement expense', 'header3': 'Income statement expense'}, {'number_value': 20.0, 'scale': 'million', 'category': 'Defined benefit schemes', 'header1': '2017 € million', 'header2': 'Income statement expense', 'header3': 'Income statement expense'}, {'number_value': 223.0, 'scale': 'million', 'category': 'Total amount charged to income statement (note 23)', 'header1': '2019 € million', 'header2': 'Income statement expense', 'header3': 'Income statement expense'}, {'number_value': 222.0, 'scale': 'million', 'category': 'Total amount charged to income statement (note 23)', 'header1': '2018 € million', 'header2': 'Income statement expense', 'header3': 'Income statement expense'}, {'number_value': 212.0, 'scale': 'million', 'category': 'Total amount charged to income statement (note 23)', 'header1': '2017 € million', 'header2': 'Income statement expense', 'header3': 'Income statement expense'}]","def run(value_list):
    """"""
    Calculates the 2019 average defined contribution schemes.

    Args:
        value_list: A list of dictionaries containing financial data.

    Returns:
        A tuple (number, scale).
    """"""
    
    scheme_data = [d for d in value_list if d['category'] == 'Defined contribution schemes']
    
    if not scheme_data:
        return (0.00, """")
    
    years = [d['number_value'] for d in scheme_data if d['header1'] == '2019 € million']
    
    if not years:
        return (0.00, """")
    
    average = sum(years) / len(years)
    
    return (round(average, 2), 'million')
",[166.0],"[166.0, 178.0]",False,selection_error
1,1771356409.2375457,dc5e217a-a7b3-4fc9-ac0f-13d328f26b20,What is the 2019 average free cash flow?,"(4,411+4,044)/2",(#+#)/#,#/#,4411.0,million,4227.5,million,False,False,False,True,False,,"[{'number_value': 14182.0, 'scale': 'million', 'category': 'Cash generated by operations (refer to note 18)', 'header1': '€ million', 'header2': '2019'}, {'number_value': 13860.0, 'scale': 'million', 'category': 'Cash generated by operations (refer to note 18)', 'header1': '€ million', 'header2': '2018'}, {'number_value': 13781.0, 'scale': 'million', 'category': 'Cash generated by operations (refer to note 18)', 'header1': '€ million', 'header2': '2017'}, {'number_value': -7227.0, 'scale': 'million', 'category': 'Capital additions', 'header1': '€ million', 'header2': '2019'}, {'number_value': -7321.0, 'scale': 'million', 'category': 'Capital additions', 'header1': '€ million', 'header2': '2018'}, {'number_value': -7675.0, 'scale': 'million', 'category': 'Capital additions', 'header1': '€ million', 'header2': '2017'}, {'number_value': -89.0, 'scale': 'million', 'category': 'Working capital movement in respect of capital additions', 'header1': '€ million', 'header2': '2019'}, {'number_value': 171.0, 'scale': 'million', 'category': 'Working capital movement in respect of capital additions', 'header1': '€ million', 'header2': '2018'}, {'number_value': -822.0, 'scale': 'million', 'category': 'Working capital movement in respect of capital additions', 'header1': '€ million', 'header2': '2017'}, {'number_value': 45.0, 'scale': 'million', 'category': 'Disposal of property, plant and equipment', 'header1': '€ million', 'header2': '2019'}, {'number_value': 41.0, 'scale': 'million', 'category': 'Disposal of property, plant and equipment', 'header1': '€ million', 'header2': '2018'}, {'number_value': 43.0, 'scale': 'million', 'category': 'Disposal of property, plant and equipment', 'header1': '€ million', 'header2': '2017'}, {'number_value': 195.0, 'scale': 'million', 'category': 'Restructuring payments', 'header1': '€ million', 'header2': '2019'}, {'number_value': 250.0, 'scale': 'million', 'category': 'Restructuring payments', 'header1': '€ million', 'header2': '2018'}, {'number_value': 266.0, 'scale': 'million', 'category': 'Restructuring payments', 'header1': '€ million', 'header2': '2017'}, {'number_value': -35.0, 'scale': 'million', 'category': 'Other', 'header1': '€ million', 'header2': '2019'}, {'number_value': 34.0, 'scale': 'million', 'category': 'Other', 'header1': '€ million', 'header2': '2017'}, {'number_value': 7071.0, 'scale': 'million', 'category': 'Operating free cash flow', 'header1': '€ million', 'header2': '2019'}, {'number_value': 7001.0, 'scale': 'million', 'category': 'Operating free cash flow', 'header1': '€ million', 'header2': '2018'}, {'number_value': 5627.0, 'scale': 'million', 'category': 'Operating free cash flow', 'header1': '€ million', 'header2': '2017'}, {'number_value': -1040.0, 'scale': 'million', 'category': 'Taxation', 'header1': '€ million', 'header2': '2019'}, {'number_value': -1010.0, 'scale': 'million', 'category': 'Taxation', 'header1': '€ million', 'header2': '2018'}, {'number_value': -761.0, 'scale': 'million', 'category': 'Taxation', 'header1': '€ million', 'header2': '2017'}, {'number_value': 498.0, 'scale': 'million', 'category': 'Dividends received from associates and investments', 'header1': '€ million', 'header2': '2019'}, {'number_value': 489.0, 'scale': 'million', 'category': 'Dividends received from associates and investments', 'header1': '€ million', 'header2': '2018'}, {'number_value': 433.0, 'scale': 'million', 'category': 'Dividends received from associates and investments', 'header1': '€ million', 'header2': '2017'}, {'number_value': -584.0, 'scale': 'million', 'category': 'Dividends paid to non-controlling shareholders in subsidiaries', 'header1': '€ million', 'header2': '2019'}, {'number_value': -310.0, 'scale': 'million', 'category': 'Dividends paid to non-controlling shareholders in subsidiaries', 'header1': '€ million', 'header2': '2018'}, {'number_value': -413.0, 'scale': 'million', 'category': 'Dividends paid to non-controlling shareholders in subsidiaries', 'header1': '€ million', 'header2': '2017'}, {'number_value': -502.0, 'scale': 'million', 'category': 'Interest received and paid', 'header1': '€ million', 'header2': '2019'}, {'number_value': -753.0, 'scale': 'million', 'category': 'Interest received and paid', 'header1': '€ million', 'header2': '2018'}, {'number_value': -830.0, 'scale': 'million', 'category': 'Interest received and paid', 'header1': '€ million', 'header2': '2017'}, {'number_value': 5443.0, 'scale': 'million', 'category': 'Free cash flow (pre-spectrum)', 'header1': '€ million', 'header2': '2019'}, {'number_value': 5417.0, 'scale': 'million', 'category': 'Free cash flow (pre-spectrum)', 'header1': '€ million', 'header2': '2018'}, {'number_value': 4056.0, 'scale': 'million', 'category': 'Free cash flow (pre-spectrum)', 'header1': '€ million', 'header2': '2017'}, {'number_value': -837.0, 'scale': 'million', 'category': 'Licence and spectrum payments', 'header1': '€ million', 'header2': '2019'}, {'number_value': -1123.0, 'scale': 'million', 'category': 'Licence and spectrum payments', 'header1': '€ million', 'header2': '2018'}, {'number_value': -474.0, 'scale': 'million', 'category': 'Licence and spectrum payments', 'header1': '€ million', 'header2': '2017'}, {'number_value': -195.0, 'scale': 'million', 'category': 'Restructuring payments', 'header1': '€ million', 'header2': '2019'}, {'number_value': -250.0, 'scale': 'million', 'category': 'Restructuring payments', 'header1': '€ million', 'header2': '2018'}, {'number_value': -266.0, 'scale': 'million', 'category': 'Restructuring payments', 'header1': '€ million', 'header2': '2017'}, {'number_value': 4411.0, 'scale': 'million', 'category': 'Free cash flow', 'header1': '€ million', 'header2': '2019'}, {'number_value': 4044.0, 'scale': 'million', 'category': 'Free cash flow', 'header1': '€ million', 'header2': '2018'}, {'number_value': 3316.0, 'scale': 'million', 'category': 'Free cash flow', 'header1': '€ million', 'header2': '2017'}]","def run(value_list):
    """"""
    Calculates the 2019 average free cash flow from the provided list.

    Args:
        value_list: A list of dictionaries containing financial data.

    Returns:
        A tuple (number, scale) representing the 2019 average free cash flow.
    """"""
    cash_flows_2019 = []
    for item in value_list:
        if item['header2'] == '2019':
            if item['category'] == 'Free cash flow':
                cash_flows_2019.append(item['number_value'])
    
    if not cash_flows_2019:
        return (0.00, """")
    
    average_cash_flow = sum(cash_flows_2019) / len(cash_flows_2019)
    return (round(average_cash_flow, 2), ""million"")
",[4411.0],"[4411.0, 4044.0]",False,selection_error
2,1771356413.1270947,692ea65a-9a60-4210-bd75-d34231e2e113,What is the average total current tax expense for 2017 and 2018? ,"(1,018+950)/2",(#+#)/#,,984.0,million,984.0,million,True,True,False,True,False,,"[{'number_value': 21.0, 'scale': 'million', 'category': 'Current year1', 'header1': 'United Kingdom corporation tax expense/(credit):', 'header2': '€ million', 'header3': '2019', 'header4': 'Income tax expense', 'header5': 'Income tax expense', 'header6': 'United Kingdom corporation tax expense/(credit):'}, {'number_value': 70.0, 'scale': 'million', 'category': 'Current year1', 'header1': 'United Kingdom corporation tax expense/(credit):', 'header2': '€ million', 'header3': '2018', 'header4': 'Income tax expense', 'header5': 'Income tax expense', 'header6': 'United Kingdom corporation tax expense/(credit):'}, {'number_value': 27.0, 'scale': 'million', 'category': 'Current year1', 'header1': 'United Kingdom corporation tax expense/(credit):', 'header2': '€ million', 'header3': '2017', 'header4': 'Income tax expense', 'header5': 'Income tax expense', 'header6': 'United Kingdom corporation tax expense/(credit):'}, {'number_value': -9.0, 'scale': 'million', 'category': 'Adjustments in respect of prior years', 'header1': 'United Kingdom corporation tax expense/(credit):', 'header2': '€ million', 'header3': '2019', 'header4': 'Income tax expense', 'header5': 'Income tax expense', 'header6': 'United Kingdom corporation tax expense/(credit):'}, {'number_value': -5.0, 'scale': 'million', 'category': 'Adjustments in respect of prior years', 'header1': 'United Kingdom corporation tax expense/(credit):', 'header2': '€ million', 'header3': '2018', 'header4': 'Income tax expense', 'header5': 'Income tax expense', 'header6': 'United Kingdom corporation tax expense/(credit):'}, {'number_value': -3.0, 'scale': 'million', 'category': 'Adjustments in respect of prior years', 'header1': 'United Kingdom corporation tax expense/(credit):', 'header2': '€ million', 'header3': '2017', 'header4': 'Income tax expense', 'header5': 'Income tax expense', 'header6': 'United Kingdom corporation tax expense/(credit):'}, {'number_value': 12.0, 'scale': 'million', 'category': '', 'header1': 'United Kingdom corporation tax expense/(credit):', 'header2': '€ million', 'header3': '2019', 'header4': 'Income tax expense', 'header5': 'Income tax expense', 'header6': 'United Kingdom corporation tax expense/(credit):'}, {'number_value': 65.0, 'scale': 'million', 'category': '', 'header1': 'United Kingdom corporation tax expense/(credit):', 'header2': '€ million', 'header3': '2018', 'header4': 'Income tax expense', 'header5': 'Income tax expense', 'header6': 'United Kingdom corporation tax expense/(credit):'}, {'number_value': 24.0, 'scale': 'million', 'category': '', 'header1': 'United Kingdom corporation tax expense/(credit):', 'header2': '€ million', 'header3': '2017', 'header4': 'Income tax expense', 'header5': 'Income tax expense', 'header6': 'United Kingdom corporation tax expense/(credit):'}, {'number_value': 1098.0, 'scale': 'million', 'category': 'Current year', 'header1': 'Overseas current tax expense/(credit):', 'header2': '€ million', 'header3': '2019', 'header4': 'Income tax expense', 'header5': 'Income tax expense', 'header6': 'Overseas current tax expense/(credit):'}, {'number_value': 1055.0, 'scale': 'million', 'category': 'Current year', 'header1': 'Overseas current tax expense/(credit):', 'header2': '€ million', 'header3': '2018', 'header4': 'Income tax expense', 'header5': 'Income tax expense', 'header6': 'Overseas current tax expense/(credit):'}, {'number_value': 961.0, 'scale': 'million', 'category': 'Current year', 'header1': 'Overseas current tax expense/(credit):', 'header2': '€ million', 'header3': '2017', 'header4': 'Income tax expense', 'header5': 'Income tax expense', 'header6': 'Overseas current tax expense/(credit):'}, {'number_value': -48.0, 'scale': 'million', 'category': 'Adjustments in respect of prior years', 'header1': 'Overseas current tax expense/(credit):', 'header2': '€ million', 'header3': '2019', 'header4': 'Income tax expense', 'header5': 'Income tax expense', 'header6': 'Overseas current tax expense/(credit):'}, {'number_value': -102.0, 'scale': 'million', 'category': 'Adjustments in respect of prior years', 'header1': 'Overseas current tax expense/(credit):', 'header2': '€ million', 'header3': '2018', 'header4': 'Income tax expense', 'header5': 'Income tax expense', 'header6': 'Overseas current tax expense/(credit):'}, {'number_value': -35.0, 'scale': 'million', 'category': 'Adjustments in respect of prior years', 'header1': 'Overseas current tax expense/(credit):', 'header2': '€ million', 'header3': '2017', 'header4': 'Income tax expense', 'header5': 'Income tax expense', 'header6': 'Overseas current tax expense/(credit):'}, {'number_value': 1050.0, 'scale': 'million', 'category': '', 'header1': 'Overseas current tax expense/(credit):', 'header2': '€ million', 'header3': '2019', 'header4': 'Income tax expense', 'header5': 'Income tax expense', 'header6': 'Overseas current tax expense/(credit):'}, {'number_value': 953.0, 'scale': 'million', 'category': '', 'header1': 'Overseas current tax expense/(credit):', 'header2': '€ million', 'header3': '2018', 'header4': 'Income tax expense', 'header5': 'Income tax expense', 'header6': 'Overseas current tax expense/(credit):'}, {'number_value': 926.0, 'scale': 'million', 'category': '', 'header1': 'Overseas current tax expense/(credit):', 'header2': '€ million', 'header3': '2017', 'header4': 'Income tax expense', 'header5': 'Income tax expense', 'header6': 'Overseas current tax expense/(credit):'}, {'number_value': 1062.0, 'scale': 'million', 'category': 'Total current tax expense', 'header1': 'Overseas current tax expense/(credit):', 'header2': '€ million', 'header3': '2019', 'header4': 'Income tax expense', 'header5': 'Income tax expense', 'header6': 'Overseas current tax expense/(credit):'}, {'number_value': 1018.0, 'scale': 'million', 'category': 'Total current tax expense', 'header1': 'Overseas current tax expense/(credit):', 'header2': '€ million', 'header3': '2018', 'header4': 'Income tax expense', 'header5': 'Income tax expense', 'header6': 'Overseas current tax expense/(credit):'}, {'number_value': 950.0, 'scale': 'million', 'category': 'Total current tax expense', 'header1': 'Overseas current tax expense/(credit):', 'header2': '€ million', 'header3': '2017', 'header4': 'Income tax expense', 'header5': 'Income tax expense', 'header6': 'Overseas current tax expense/(credit):'}, {'number_value': -232.0, 'scale': 'million', 'category': 'United Kingdom deferred tax', 'header1': 'Deferred tax on origination and reversal of temporary differences:', 'header2': '€ million', 'header3': '2019', 'header4': 'Income tax expense', 'header5': 'Income tax expense', 'header6': 'Deferred tax on origination and reversal of temporary differences:'}, {'number_value': 39.0, 'scale': 'million', 'category': 'United Kingdom deferred tax', 'header1': 'Deferred tax on origination and reversal of temporary differences:', 'header2': '€ million', 'header3': '2018', 'header4': 'Income tax expense', 'header5': 'Income tax expense', 'header6': 'Deferred tax on origination and reversal of temporary differences:'}, {'number_value': -16.0, 'scale': 'million', 'category': 'United Kingdom deferred tax', 'header1': 'Deferred tax on origination and reversal of temporary differences:', 'header2': '€ million', 'header3': '2017', 'header4': 'Income tax expense', 'header5': 'Income tax expense', 'header6': 'Deferred tax on origination and reversal of temporary differences:'}, {'number_value': 666.0, 'scale': 'million', 'category': 'Overseas deferred tax', 'header1': 'Deferred tax on origination and reversal of temporary differences:', 'header2': '€ million', 'header3': '2019', 'header4': 'Income tax expense', 'header5': 'Income tax expense', 'header6': 'Deferred tax on origination and reversal of temporary differences:'}, {'number_value': -1936.0, 'scale': 'million', 'category': 'Overseas deferred tax', 'header1': 'Deferred tax on origination and reversal of temporary differences:', 'header2': '€ million', 'header3': '2018', 'header4': 'Income tax expense', 'header5': 'Income tax expense', 'header6': 'Deferred tax on origination and reversal of temporary differences:'}, {'number_value': 3830.0, 'scale': 'million', 'category': 'Overseas deferred tax', 'header1': 'Deferred tax on origination and reversal of temporary differences:', 'header2': '€ million', 'header3': '2017', 'header4': 'Income tax expense', 'header5': 'Income tax expense', 'header6': 'Deferred tax on origination and reversal of temporary differences:'}, {'number_value': 434.0, 'scale': 'million', 'category': 'Total deferred tax expense/(credit)', 'header1': 'Deferred tax on origination and reversal of temporary differences:', 'header2': '€ million', 'header3': '2019', 'header4': 'Income tax expense', 'header5': 'Income tax expense', 'header6': 'Deferred tax on origination and reversal of temporary differences:'}, {'number_value': -1897.0, 'scale': 'million', 'category': 'Total deferred tax expense/(credit)', 'header1': 'Deferred tax on origination and reversal of temporary differences:', 'header2': '€ million', 'header3': '2018', 'header4': 'Income tax expense', 'header5': 'Income tax expense', 'header6': 'Deferred tax on origination and reversal of temporary differences:'}, {'number_value': 3814.0, 'scale': 'million', 'category': 'Total deferred tax expense/(credit)', 'header1': 'Deferred tax on origination and reversal of temporary differences:', 'header2': '€ million', 'header3': '2017', 'header4': 'Income tax expense', 'header5': 'Income tax expense', 'header6': 'Deferred tax on origination and reversal of temporary differences:'}, {'number_value': 1496.0, 'scale': 'million', 'category': 'Total income tax expense/(credit)', 'header1': 'Deferred tax on origination and reversal of temporary differences:', 'header2': '€ million', 'header3': '2019', 'header4': 'Income tax expense', 'header5': 'Income tax expense', 'header6': 'Deferred tax on origination and reversal of temporary differences:'}, {'number_value': -879.0, 'scale': 'million', 'category': 'Total income tax expense/(credit)', 'header1': 'Deferred tax on origination and reversal of temporary differences:', 'header2': '€ million', 'header3': '2018', 'header4': 'Income tax expense', 'header5': 'Income tax expense', 'header6': 'Deferred tax on origination and reversal of temporary differences:'}, {'number_value': 4764.0, 'scale': 'million', 'category': 'Total income tax expense/(credit)', 'header1': 'Deferred tax on origination and reversal of temporary differences:', 'header2': '€ million', 'header3': '2017', 'header4': 'Income tax expense', 'header5': 'Income tax expense', 'header6': 'Deferred tax on origination and reversal of temporary differences:'}]","def run(value_list):
    """"""
    Calculates the average total current tax expense for 2017 and 2018.

    Args:
        value_list: A list of dictionaries containing financial data.

    Returns:
        A tuple (number, scale) representing the average total current tax expense.
    """"""
    total_2017 = 0
    count_2017 = 0
    total_2018 = 0
    count_2018 = 0

    for item in value_list:
        if item['category'] == 'Total current tax expense' and item['header3'] == '2017':
            total_2017 += item['number_value']
            count_2017 += 1
        elif item['category'] == 'Total current tax expense' and item['header3'] == '2018':
            total_2018 += item['number_value']
            count_2018 += 1

    if count_2017 > 0 and count_2018 > 0:
        average = (total_2017 + total_2018) / (count_2017 + count_2018)
        return (round(average, 2), 'million')
    elif count_2017 > 0:
        return (round(total_2017 / count_2017, 2), 'million')
    elif count_2018 > 0:
        return (round(total_2018 / count_2018, 2), 'million')
    else:
        return (0.00, 'million')
","[950.0, 1, 1018.0, 1, 984.0]","[1018.0, 950.0]",True,none
3,1771356415.0225623,fda3b0cb-bc87-4cbc-bc8f-79604538a700,What is the average Legal reserve within Appropriation of earnings?,"(707,299+963,947) / 2",(#+#)/#,,835623.0,thousand,835623.0,thousand,True,True,False,True,False,,"[{'number_value': 707299.0, 'scale': 'thousand', 'category': 'Legal reserve', 'header1': '2018', 'header2': 'Appropriation of earnings (in thousand NT dollars) Appropriation of earnings (in thousand NT dollars)'}, {'number_value': 963947.0, 'scale': 'thousand', 'category': 'Legal reserve', 'header1': '2019', 'header2': 'Appropriation of earnings (in thousand NT dollars) Appropriation of earnings (in thousand NT dollars)'}, {'number_value': 14513940.0, 'scale': 'thousand', 'category': 'Special reserve', 'header1': '2018', 'header2': 'Appropriation of earnings (in thousand NT dollars) Appropriation of earnings (in thousand NT dollars)'}, {'number_value': -3491626.0, 'scale': 'thousand', 'category': 'Special reserve', 'header1': '2019', 'header2': 'Appropriation of earnings (in thousand NT dollars) Appropriation of earnings (in thousand NT dollars)'}, {'number_value': 6916105.0, 'scale': 'thousand', 'category': 'Cash dividends', 'header1': '2018', 'header2': 'Appropriation of earnings (in thousand NT dollars) Appropriation of earnings (in thousand NT dollars)'}, {'number_value': 9765155.0, 'scale': 'thousand', 'category': 'Cash dividends', 'header1': '2019', 'header2': 'Appropriation of earnings (in thousand NT dollars) Appropriation of earnings (in thousand NT dollars)'}, {'number_value': 0.58, 'scale': '', 'category': 'Cash dividends', 'header1': '2018', 'header2': 'Cash dividend per share (NT dollars)'}, {'number_value': 0.75, 'scale': '', 'category': 'Cash dividends', 'header1': '2019', 'header2': 'Cash dividend per share (NT dollars)'}]","def run(value_list):
    legal_reserve_2018 = None
    legal_reserve_2019 = None
    
    for item in value_list:
        if item['category'] == 'Legal reserve' and item['header1'] == '2018':
            legal_reserve_2018 = item['number_value']
        if item['category'] == 'Legal reserve' and item['header1'] == '2019':
            legal_reserve_2019 = item['number_value']
            
    if legal_reserve_2018 is not None and legal_reserve_2019 is not None:
        average = (legal_reserve_2018 + legal_reserve_2019) / 2
        return (round(average, 2), 'thousand')
    else:
        return (0.00, '')
","[707299.0, 963947.0, 835623.0]","[707299.0, 963947.0]",True,none
4,1771356416.7926836,1504af2b-2364-4a59-8883-634a4ef67a34,What was the average orders for 2019 and 2018?,"(12,749 + 11,875) / 2",(#+#)/#,,12312.0,million,12312.0,million,True,True,False,False,False,,"[{'number_value': 12749.0, 'scale': 'million', 'category': 'Orders', 'header1': '2019', 'header2': 'Fiscal year', 'header3': '(in millions of €)'}, {'number_value': 11875.0, 'scale': 'million', 'category': 'Orders', 'header1': '2018', 'header2': 'Fiscal year', 'header3': '(in millions of €)'}, {'number_value': 7.0, 'scale': 'million', 'category': 'Orders', 'header1': 'Actual', 'header2': '% Change', 'header3': '(in millions of €)'}, {'number_value': 7.0, 'scale': 'million', 'category': 'Orders', 'header1': 'Comp.', 'header2': '% Change', 'header3': '(in millions of €)'}, {'number_value': 10227.0, 'scale': 'million', 'category': 'Revenue', 'header1': '2019', 'header2': 'Fiscal year', 'header3': '(in millions of €)'}, {'number_value': 9122.0, 'scale': 'million', 'category': 'Revenue', 'header1': '2018', 'header2': 'Fiscal year', 'header3': '(in millions of €)'}, {'number_value': 12.0, 'scale': 'million', 'category': 'Revenue', 'header1': 'Actual', 'header2': '% Change', 'header3': '(in millions of €)'}, {'number_value': 12.0, 'scale': 'million', 'category': 'Revenue', 'header1': 'Comp.', 'header2': '% Change', 'header3': '(in millions of €)'}, {'number_value': 482.0, 'scale': 'million', 'category': 'Adjusted EBITA', 'header1': '2019', 'header2': 'Fiscal year', 'header3': '(in millions of €)'}, {'number_value': 483.0, 'scale': 'million', 'category': 'Adjusted EBITA', 'header1': '2018', 'header2': 'Fiscal year', 'header3': '(in millions of €)'}, {'number_value': 0.0, 'scale': 'million', 'category': 'Adjusted EBITA', 'header1': 'Actual', 'header2': '% Change', 'header3': '(in millions of €)'}, {'number_value': 4.7, 'scale': 'million', 'category': 'Adjusted EBITA margin', 'header1': '2019', 'header2': 'Fiscal year', 'header3': '(in millions of €)'}, {'number_value': 5.3, 'scale': 'million', 'category': 'Adjusted EBITA margin', 'header1': '2018', 'header2': 'Fiscal year', 'header3': '(in millions of €)'}]","def run(value_list):
    orders_2019 = None
    orders_2018 = None
    for item in value_list:
        if item['category'] == 'Orders' and item['header1'] == '2019':
            orders_2019 = float(item['number_value'])
        if item['category'] == 'Orders' and item['header1'] == '2018':
            orders_2018 = float(item['number_value'])
    if orders_2019 is not None and orders_2018 is not None:
        average = (orders_2019 + orders_2018) / 2
        return (round(average, 2), 'million')
    else:
        return (0.0, '')
","[12749.0, 11875.0, 12312.0]","[12749.0, 11875.0]",True,none
5,1771356418.7310572,7639efef-c768-4631-95b5-382a0fde501d,What is the average incentive schemes between 2018 and 2019?,(2+3)/2,(#+#)/#,#,2.0,million,2.5,million,False,False,False,False,False,,"[{'number_value': 4.0, 'scale': 'million', 'category': 'Salaries and fees', 'header1': '2019 € million'}, {'number_value': 4.0, 'scale': 'million', 'category': 'Salaries and fees', 'header1': '2018 € million'}, {'number_value': 4.0, 'scale': 'million', 'category': 'Salaries and fees', 'header1': '2017 € million'}, {'number_value': 2.0, 'scale': 'million', 'category': 'Incentive schemes1', 'header1': '2019 € million'}, {'number_value': 3.0, 'scale': 'million', 'category': 'Incentive schemes1', 'header1': '2018 € million'}, {'number_value': 2.0, 'scale': 'million', 'category': 'Incentive schemes1', 'header1': '2017 € million'}, {'number_value': 1.0, 'scale': 'million', 'category': 'Other benefits2', 'header1': '2018 € million'}, {'number_value': 1.0, 'scale': 'million', 'category': 'Other benefits2', 'header1': '2017 € million'}, {'number_value': 6.0, 'scale': 'million', 'category': '', 'header1': '2019 € million'}, {'number_value': 8.0, 'scale': 'million', 'category': '', 'header1': '2018 € million'}, {'number_value': 7.0, 'scale': 'million', 'category': '', 'header1': '2017 € million'}]","def run(value_list):
    incentive_schemes_2018 = []
    incentive_schemes_2019 = []
    for item in value_list:
        if item['category'] == 'Incentive schemes1':
            if item['header1'] == '2018 € million':
                incentive_schemes_2018.append(float(item['number_value']))
            elif item['header1'] == '2019 € million':
                incentive_schemes_2019.append(float(item['number_value']))
    if incentive_schemes_2019:
        average_incentive = sum(incentive_schemes_2019) / len(incentive_schemes_2019)
    else:
        average_incentive = 0
    return (round(average_incentive, 2), 'million')
",[2.0],"[2.0, 3.0, 2.0]",False,selection_error
6,1771356421.2428355,2438c6b7-f88b-46c9-a0d8-4031e6452955,How much was the average net cash provided by operating activities from 2018 to 2019?,"(15,386+14,551)/2",(#+#)/#,,14968.5,million,14968.5,million,True,True,False,True,False,,"[{'number_value': 14551.0, 'scale': 'million', 'category': 'Net cash provided by operating activities', 'header1': '2019', 'header2': 'Year Ended May 31,', 'header3': '(Dollars in millions)'}, {'number_value': -5.0, 'scale': 'million', 'category': 'Net cash provided by operating activities', 'header1': 'Change', 'header2': 'Year Ended May 31,', 'header3': '(Dollars in millions)'}, {'number_value': 15386.0, 'scale': 'million', 'category': 'Net cash provided by operating activities', 'header1': '2018', 'header2': 'Year Ended May 31,', 'header3': '(Dollars in millions)'}, {'number_value': 26557.0, 'scale': 'million', 'category': 'Net cash provided by (used for) investing activities', 'header1': '2019', 'header2': 'Year Ended May 31,', 'header3': '(Dollars in millions)'}, {'number_value': 572.0, 'scale': 'million', 'category': 'Net cash provided by (used for) investing activities', 'header1': 'Change', 'header2': 'Year Ended May 31,', 'header3': '(Dollars in millions)'}, {'number_value': -5625.0, 'scale': 'million', 'category': 'Net cash provided by (used for) investing activities', 'header1': '2018', 'header2': 'Year Ended May 31,', 'header3': '(Dollars in millions)'}, {'number_value': -42056.0, 'scale': 'million', 'category': 'Net cash used for financing activities', 'header1': '2019', 'header2': 'Year Ended May 31,', 'header3': '(Dollars in millions)'}, {'number_value': 321.0, 'scale': 'million', 'category': 'Net cash used for financing activities', 'header1': 'Change', 'header2': 'Year Ended May 31,', 'header3': '(Dollars in millions)'}, {'number_value': -9982.0, 'scale': 'million', 'category': 'Net cash used for financing activities', 'header1': '2018', 'header2': 'Year Ended May 31,', 'header3': '(Dollars in millions)'}]","def run(value_list):
    """"""
    Calculates the average net cash provided by operating activities from 2018 to 2019.

    Args:
        value_list: A list of dictionaries containing financial data.

    Returns:
        A tuple (number, scale).
    """"""
    
    op_cash_2019 = 0
    op_cash_2018 = 0
    
    for item in value_list:
        if item['category'] == 'Net cash provided by operating activities' and item['header1'] == '2019':
            op_cash_2019 = item['number_value']
        elif item['category'] == 'Net cash provided by operating activities' and item['header1'] == '2018':
            op_cash_2018 = item['number_value']
            
    if op_cash_2018 != 0 and op_cash_2019 != 0:
        average = (op_cash_2018 + op_cash_2019) / 2
        return (round(average, 2), 'million')
    else:
        return (0.00, '')
","[14551.0, 15386.0, 14968.5]","[15386.0, 14551.0]",True,none
7,1771356423.874981,204ecd0e-d405-4a41-8163-10f670f987b5,What is the average Buildings and Building Improvements value for 2018 and 2019?,(81.2 + 69.2) / 2,(#+#)/#,(#+#)/(#+#),75.2,million,75.2,million,True,False,False,False,False,,"[{'number_value': 3.7, 'scale': 'million', 'category': 'Land', 'header1': 'April 27, 2019', 'header2': '(Dollars in Millions)'}, {'number_value': 0.8, 'scale': 'million', 'category': 'Land', 'header1': 'April 28, 2018', 'header2': '(Dollars in Millions)'}, {'number_value': 81.2, 'scale': 'million', 'category': 'Buildings and Building Improvements', 'header1': 'April 27, 2019', 'header2': '(Dollars in Millions)'}, {'number_value': 69.2, 'scale': 'million', 'category': 'Buildings and Building Improvements', 'header1': 'April 28, 2018', 'header2': '(Dollars in Millions)'}, {'number_value': 390.7, 'scale': 'million', 'category': 'Machinery and Equipment', 'header1': 'April 27, 2019', 'header2': '(Dollars in Millions)'}, {'number_value': 364.7, 'scale': 'million', 'category': 'Machinery and Equipment', 'header1': 'April 28, 2018', 'header2': '(Dollars in Millions)'}, {'number_value': 475.6, 'scale': 'million', 'category': 'Total Property, Plant and Equipment, Gross', 'header1': 'April 27, 2019', 'header2': '(Dollars in Millions)'}, {'number_value': 434.7, 'scale': 'million', 'category': 'Total Property, Plant and Equipment, Gross', 'header1': 'April 28, 2018', 'header2': '(Dollars in Millions)'}, {'number_value': 283.7, 'scale': 'million', 'category': 'Less: Accumulated Depreciation', 'header1': 'April 27, 2019', 'header2': '(Dollars in Millions)'}, {'number_value': 272.5, 'scale': 'million', 'category': 'Less: Accumulated Depreciation', 'header1': 'April 28, 2018', 'header2': '(Dollars in Millions)'}, {'number_value': 191.9, 'scale': 'million', 'category': 'Property, Plant and Equipment, Net', 'header1': 'April 27, 2019', 'header2': '(Dollars in Millions)'}, {'number_value': 162.2, 'scale': 'million', 'category': 'Property, Plant and Equipment, Net', 'header1': 'April 28, 2018', 'header2': '(Dollars in Millions)'}]","def run(value_list):
    """"""
    Calculates the average Buildings and Building Improvements value for 2018 and 2019.

    Args:
        value_list: A list of dictionaries containing financial data.

    Returns:
        A tuple (number, scale).
    """"""
    
    values_2018 = []
    values_2019 = []

    for item in value_list:
        if item['header1'] == 'April 28, 2018':
            if item['category'] == 'Buildings and Building Improvements':
                values_2018.append(item['number_value'])
        elif item['header1'] == 'April 27, 2019':
            if item['category'] == 'Buildings and Building Improvements':
                values_2019.append(item['number_value'])

    if not values_2018 and not values_2019:
        return (0.00, '')
    
    average = (sum(values_2018) + sum(values_2019)) / (len(values_2018) + len(values_2019))
    
    return (round(average, 2), 'million')
",[75.2],"[81.2, 69.2]",True,none
8,1771356425.9820673,58753c83-a3d7-445d-83bf-57461882a6ca,What is the average unvested restricted stock?,(0.6 + 0.4) / 2,(#+#)/#,#/#,0.77,million,0.5,million,False,False,False,True,False,,"[{'number_value': -31.5, 'scale': '', 'category': 'Net (loss) income attributable to common stock and participating preferred stockholders', 'header1': '2019', 'header2': 'Years Ended December 31,'}, {'number_value': 155.6, 'scale': '', 'category': 'Net (loss) income attributable to common stock and participating preferred stockholders', 'header1': '2018', 'header2': 'Years Ended December 31,'}, {'number_value': 44.8, 'scale': '', 'category': 'Weighted-average common stock outstanding', 'header1': 'Participating shares at end of period:', 'header2': 'Numerator for basic and diluted earnings per share', 'header3': 'Earnings allocable to common shares:', 'header4': 'Years Ended December 31,', 'header5': 'Earnings allocable to common shares:', 'header6': 'Numerator for basic and diluted earnings per share', 'header7': 'Participating shares at end of period:'}, {'number_value': 44.3, 'scale': '', 'category': 'Weighted-average common stock outstanding', 'header1': 'Participating shares at end of period:', 'header2': 'Numerator for basic and diluted earnings per share', 'header3': 'Earnings allocable to common shares:', 'header4': 'Years Ended December 31,', 'header5': 'Earnings allocable to common shares:', 'header6': 'Numerator for basic and diluted earnings per share', 'header7': 'Participating shares at end of period:'}, {'number_value': 0.6, 'scale': '', 'category': 'Unvested restricted stock', 'header1': 'Participating shares at end of period:', 'header2': 'Numerator for basic and diluted earnings per share', 'header3': 'Earnings allocable to common shares:', 'header4': 'Years Ended December 31,', 'header5': 'Earnings allocable to common shares:', 'header6': 'Numerator for basic and diluted earnings per share', 'header7': 'Participating shares at end of period:'}, {'number_value': 0.4, 'scale': '', 'category': 'Unvested restricted stock', 'header1': 'Participating shares at end of period:', 'header2': 'Numerator for basic and diluted earnings per share', 'header3': 'Earnings allocable to common shares:', 'header4': 'Years Ended December 31,', 'header5': 'Earnings allocable to common shares:', 'header6': 'Numerator for basic and diluted earnings per share', 'header7': 'Participating shares at end of period:'}, {'number_value': 2.1, 'scale': '', 'category': 'Preferred stock (as-converted basis)', 'header1': 'Participating shares at end of period:', 'header2': 'Numerator for basic and diluted earnings per share', 'header3': 'Earnings allocable to common shares:', 'header4': 'Years Ended December 31,', 'header5': 'Earnings allocable to common shares:', 'header6': 'Numerator for basic and diluted earnings per share', 'header7': 'Participating shares at end of period:'}, {'number_value': 4.9, 'scale': '', 'category': 'Preferred stock (as-converted basis)', 'header1': 'Participating shares at end of period:', 'header2': 'Numerator for basic and diluted earnings per share', 'header3': 'Earnings allocable to common shares:', 'header4': 'Years Ended December 31,', 'header5': 'Earnings allocable to common shares:', 'header6': 'Numerator for basic and diluted earnings per share', 'header7': 'Participating shares at end of period:'}, {'number_value': 47.5, 'scale': '', 'category': 'Total', 'header1': 'Participating shares at end of period:', 'header2': 'Numerator for basic and diluted earnings per share', 'header3': 'Earnings allocable to common shares:', 'header4': 'Years Ended December 31,', 'header5': 'Earnings allocable to common shares:', 'header6': 'Numerator for basic and diluted earnings per share', 'header7': 'Participating shares at end of period:'}, {'number_value': 49.6, 'scale': '', 'category': 'Total', 'header1': 'Participating shares at end of period:', 'header2': 'Numerator for basic and diluted earnings per share', 'header3': 'Earnings allocable to common shares:', 'header4': 'Years Ended December 31,', 'header5': 'Earnings allocable to common shares:', 'header6': 'Numerator for basic and diluted earnings per share', 'header7': 'Participating shares at end of period:'}, {'number_value': 94.3, 'scale': '%', 'category': 'Common stock', 'header1': 'Percentage of loss allocated to:', 'header2': 'Years Ended December 31,', 'header3': 'Percentage of loss allocated to:'}, {'number_value': 89.3, 'scale': '%', 'category': 'Common stock', 'header1': 'Percentage of loss allocated to:', 'header2': 'Years Ended December 31,', 'header3': 'Percentage of loss allocated to:'}, {'number_value': 1.3, 'scale': '%', 'category': 'Unvested restricted stock', 'header1': 'Percentage of loss allocated to:', 'header2': 'Years Ended December 31,', 'header3': 'Percentage of loss allocated to:'}, {'number_value': 0.8, 'scale': '%', 'category': 'Unvested restricted stock', 'header1': 'Percentage of loss allocated to:', 'header2': 'Years Ended December 31,', 'header3': 'Percentage of loss allocated to:'}, {'number_value': 4.4, 'scale': '%', 'category': 'Preferred stock', 'header1': 'Percentage of loss allocated to:', 'header2': 'Years Ended December 31,', 'header3': 'Percentage of loss allocated to:'}, {'number_value': 9.9, 'scale': '%', 'category': 'Preferred stock', 'header1': 'Percentage of loss allocated to:', 'header2': 'Years Ended December 31,', 'header3': 'Percentage of loss allocated to:'}, {'number_value': -29.7, 'scale': '', 'category': 'Net (loss) income attributable to common stock, basic', 'header1': 'Percentage of loss allocated to:', 'header2': 'Years Ended December 31,', 'header3': 'Percentage of loss allocated to:'}, {'number_value': 139.0, 'scale': '', 'category': 'Net (loss) income attributable to common stock, basic', 'header1': 'Percentage of loss allocated to:', 'header2': 'Years Ended December 31,', 'header3': 'Percentage of loss allocated to:'}, {'number_value': -3.3, 'scale': '', 'category': 'Effect of assumed shares under treasury stock method for stock options and restricted shares and if-converted method for convertible instruments', 'header1': 'Distributed and Undistributed earnings to Common Shareholders:', 'header2': 'Years Ended December 31,', 'header3': 'Distributed and Undistributed earnings to Common Shareholders:'}, {'number_value': -29.7, 'scale': '', 'category': 'Net (loss) income attributable to common stock, diluted', 'header1': 'Distributed and Undistributed earnings to Common Shareholders:', 'header2': 'Years Ended December 31,', 'header3': 'Distributed and Undistributed earnings to Common Shareholders:'}, {'number_value': 135.7, 'scale': '', 'category': 'Net (loss) income attributable to common stock, diluted', 'header1': 'Distributed and Undistributed earnings to Common Shareholders:', 'header2': 'Years Ended December 31,', 'header3': 'Distributed and Undistributed earnings to Common Shareholders:'}, {'number_value': 44.8, 'scale': '', 'category': 'Weighted average common shares outstanding - basic', 'header1': 'Denominator for basic and dilutive earnings per share', 'header2': 'Years Ended December 31,', 'header3': 'Denominator for basic and dilutive earnings per share'}, {'number_value': 44.3, 'scale': '', 'category': 'Weighted average common shares outstanding - basic', 'header1': 'Denominator for basic and dilutive earnings per share', 'header2': 'Years Ended December 31,', 'header3': 'Denominator for basic and dilutive earnings per share'}, {'number_value': 2.5, 'scale': '', 'category': 'Effect of assumed shares under treasury stock method for stock options and restricted shares and if-converted method for convertible instruments', 'header1': 'Denominator for basic and dilutive earnings per share', 'header2': 'Years Ended December 31,', 'header3': 'Denominator for basic and dilutive earnings per share'}, {'number_value': 44.8, 'scale': '', 'category': 'Weighted average common shares outstanding - diluted', 'header1': 'Denominator for basic and dilutive earnings per share', 'header2': 'Years Ended December 31,', 'header3': 'Denominator for basic and dilutive earnings per share'}, {'number_value': 46.8, 'scale': '', 'category': 'Weighted average common shares outstanding - diluted', 'header1': 'Denominator for basic and dilutive earnings per share', 'header2': 'Years Ended December 31,', 'header3': 'Denominator for basic and dilutive earnings per share'}, {'number_value': -0.66, 'scale': '', 'category': 'Net (loss) income attributable to participating security holders - Basic', 'header1': 'Denominator for basic and dilutive earnings per share', 'header2': 'Years Ended December 31,', 'header3': 'Denominator for basic and dilutive earnings per share'}, {'number_value': 3.14, 'scale': '', 'category': 'Net (loss) income attributable to participating security holders - Basic', 'header1': 'Denominator for basic and dilutive earnings per share', 'header2': 'Years Ended December 31,', 'header3': 'Denominator for basic and dilutive earnings per share'}, {'number_value': -0.66, 'scale': '', 'category': 'Net (loss) income attributable to participating security holders - Diluted', 'header1': 'Denominator for basic and dilutive earnings per share', 'header2': 'Years Ended December 31,', 'header3': 'Denominator for basic and dilutive earnings per share'}, {'number_value': 2.9, 'scale': '', 'category': 'Net (loss) income attributable to participating security holders - Diluted', 'header1': 'Denominator for basic and dilutive earnings per share', 'header2': 'Years Ended December 31,', 'header3': 'Denominator for basic and dilutive earnings per share'}]","def run(value_list):
    """"""
    Calculates the average unvested restricted stock from the provided financial report.

    Args:
        value_list: A list of dictionaries containing financial data.

    Returns:
        A tuple containing the average unvested restricted stock value and its scale.
    """"""
    unvested_restricted_stock_values = []
    for item in value_list:
        if item['category'] == 'Unvested restricted stock':
            unvested_restricted_stock_values.append(float(item['number_value']))

    if not unvested_restricted_stock_values:
        return (0.00, '')

    average = sum(unvested_restricted_stock_values) / len(unvested_restricted_stock_values)
    return (round(average, 2), '')
",[0.7749999999999999],"[0.6, 0.4]",False,selection_error
9,1771356428.3171554,2f68d64d-b509-4961-9d86-9a04afb7c35c,What is the company's average goodwill impairment in 2018 and 2019?,"(14,740 + 1,910)/2 ",(#+#)/#,,8325.0,thousand,8325.0,thousand,True,True,False,True,False,,"[{'number_value': 1910.0, 'scale': 'thousand', 'category': 'Impairment of goodwill', 'header1': '(dollars in thousands)', 'header2': '2019', 'header3': 'Years Ended December 31,'}, {'number_value': 14740.0, 'scale': 'thousand', 'category': 'Impairment of goodwill', 'header1': '(dollars in thousands)', 'header2': '2018', 'header3': 'Years Ended December 31,'}, {'number_value': -12830.0, 'scale': 'thousand', 'category': 'Impairment of goodwill', 'header1': '(dollars in thousands)', 'header2': '$', 'header3': 'Change'}, {'number_value': -87.0, 'scale': 'thousand', 'category': 'Impairment of goodwill', 'header1': '(dollars in thousands)', 'header2': '%', 'header3': 'Change'}, {'number_value': 4.0, 'scale': 'thousand', 'category': 'Percent of revenues, net', 'header1': '(dollars in thousands)', 'header2': '2019', 'header3': 'Years Ended December 31,'}, {'number_value': 26.0, 'scale': 'thousand', 'category': 'Percent of revenues, net', 'header1': '(dollars in thousands)', 'header2': '2018', 'header3': 'Years Ended December 31,'}]","def run(value_list):
    """"""
    Calculates the average goodwill impairment in 2018 and 2019.

    Args:
        value_list: A list of dictionaries containing financial data.

    Returns:
        A tuple (number, scale) representing the average goodwill impairment.
    """"""
    goodwill_2019 = None
    goodwill_2018 = None

    for item in value_list:
        if item['category'] == 'Impairment of goodwill' and item['header2'] == '2019':
            goodwill_2019 = item['number_value']
        elif item['category'] == 'Impairment of goodwill' and item['header2'] == '2018':
            goodwill_2018 = item['number_value']

    if goodwill_2018 is not None and goodwill_2019 is not None:
        average = (goodwill_2018 + goodwill_2019) / 2
        return (round(average, 2), item['scale'])
    else:
        return (0.00, '')
","[1910.0, 14740.0, 8325.0]","[14740.0, 1910.0]",True,none
10,1771356430.460475,565fb688-b453-46ce-ba8f-bfe2375a80d8,What was the average of other assets for 2018 and 2019?,"(1,911 + 1,812) / 2",(#+#)/#,(#+#)/(#+#),1861.5,million,1861.5,million,True,False,False,False,False,,"[{'number_value': 2578.0, 'scale': 'million', 'category': 'Prepaid expenses and other', 'header1': 'Assets', 'header2': 'At December 31, 2019', 'header3': '(dollars in millions)', 'header4': 'Assets'}, {'number_value': 2083.0, 'scale': 'million', 'category': 'Prepaid expenses and other', 'header1': 'Assets', 'header2': 'At December 31, 2018', 'header3': '(dollars in millions)', 'header4': 'Assets'}, {'number_value': 1911.0, 'scale': 'million', 'category': 'Other assets', 'header1': 'Assets', 'header2': 'At December 31, 2019', 'header3': '(dollars in millions)', 'header4': 'Assets'}, {'number_value': 1812.0, 'scale': 'million', 'category': 'Other assets', 'header1': 'Assets', 'header2': 'At December 31, 2018', 'header3': '(dollars in millions)', 'header4': 'Assets'}, {'number_value': 4489.0, 'scale': 'million', 'category': 'Total', 'header1': 'Assets', 'header2': 'At December 31, 2019', 'header3': '(dollars in millions)', 'header4': 'Assets'}, {'number_value': 3895.0, 'scale': 'million', 'category': 'Total', 'header1': 'Assets', 'header2': 'At December 31, 2018', 'header3': '(dollars in millions)', 'header4': 'Assets'}]","def run(value_list):
    other_assets_2018 = []
    other_assets_2019 = []
    for item in value_list:
        if item['category'] == 'Other assets':
            if item['header2'] == 'At December 31, 2018':
                other_assets_2018.append(float(item['number_value']))
            elif item['header2'] == 'At December 31, 2019':
                other_assets_2019.append(float(item['number_value']))
    
    if not other_assets_2018 and not other_assets_2019:
        return (0.00, '')
    
    average = (sum(other_assets_2018) + sum(other_assets_2019)) / (len(other_assets_2018) + len(other_assets_2019))
    return (round(average, 2), 'million')
",[1861.5],"[1911.0, 1812.0]",True,none
11,1771356432.7918713,8c47c1a7-0fea-4501-a9f3-8c2b3b5989b1,What is the average shares vested between 2018 and 2019?,"(82,270 + 323,420)/2 ",(#+#)/#,(#+#)/#,1207126.89,,202845.0,,False,False,False,False,False,,"[{'number_value': 315292.0, 'scale': '', 'category': 'Non-vested at beginning of year', 'header1': 'Number of Shares', 'header2': '2019'}, {'number_value': 2.26, 'scale': '', 'category': 'Non-vested at beginning of year', 'header1': 'Weighted Average Grant Date Fair Value', 'header2': '2019'}, {'number_value': 438712.0, 'scale': '', 'category': 'Non-vested at beginning of year', 'header1': 'Number of Shares', 'header2': '2018'}, {'number_value': 2.28, 'scale': '', 'category': 'Non-vested at beginning of year', 'header1': 'Weighted Average Grant Date Fair Value', 'header2': '2018'}, {'number_value': 253113.0, 'scale': '', 'category': 'Shares granted', 'header1': 'Number of Shares', 'header2': '2019'}, {'number_value': 2.17, 'scale': '', 'category': 'Shares granted', 'header1': 'Weighted Average Grant Date Fair Value', 'header2': '2019'}, {'number_value': 200000.0, 'scale': '', 'category': 'Shares granted', 'header1': 'Number of Shares', 'header2': '2018'}, {'number_value': 3.16, 'scale': '', 'category': 'Shares granted', 'header1': 'Weighted Average Grant Date Fair Value', 'header2': '2018'}, {'number_value': 82270.0, 'scale': '', 'category': 'Shares vested', 'header1': 'Number of Shares', 'header2': '2019'}, {'number_value': 2.28, 'scale': '', 'category': 'Shares vested', 'header1': 'Weighted Average Grant Date Fair Value', 'header2': '2019'}, {'number_value': 323420.0, 'scale': '', 'category': 'Shares vested', 'header1': 'Number of Shares', 'header2': '2018'}, {'number_value': 2.84, 'scale': '', 'category': 'Shares vested', 'header1': 'Weighted Average Grant Date Fair Value', 'header2': '2018'}, {'number_value': 486135.0, 'scale': '', 'category': 'Non-vested at end of year', 'header1': 'Number of Shares', 'header2': '2019'}, {'number_value': 2.53, 'scale': '', 'category': 'Non-vested at end of year', 'header1': 'Weighted Average Grant Date Fair Value', 'header2': '2019'}, {'number_value': 315292.0, 'scale': '', 'category': 'Non-vested at end of year', 'header1': 'Number of Shares', 'header2': '2018'}, {'number_value': 2.26, 'scale': '', 'category': 'Non-vested at end of year', 'header1': 'Weighted Average Grant Date Fair Value', 'header2': '2018'}]","def run(value_list):
    """"""
    Calculates the average shares vested between 2018 and 2019.

    Args:
        value_list: A list of dictionaries containing financial data.

    Returns:
        A tuple (number, scale).
    """"""
    total_vested_2018 = 0
    total_vested_2019 = 0

    for item in value_list:
        if item['header2'] == '2018':
            total_vested_2018 += item['number_value']
        elif item['header2'] == '2019':
            total_vested_2019 += item['number_value']

    if total_vested_2018 == 0 and total_vested_2019 == 0:
        return (0.00, '')
    
    average_vested = (total_vested_2018 + total_vested_2019) / 2
    return (round(average_vested, 2), '')
","[1277434.54, 1136819.24, 1207126.8900000001]","[82270.0, 323420.0]",False,selection_error
12,1771356434.8490808,2581c0dc-1e8d-49b5-90a0-dd8a0f0ecfef,What is the average annual Total change in general and administrative expenses for fiscal year 2017 to 2019? ,"(2,682+34,874)/2",(#+#)/#,,34874.0,thousand,18778.0,thousand,False,False,False,True,False,,"[{'number_value': 4089.0, 'scale': 'thousand', 'category': 'Payroll and payroll-related benefits', 'header1': '2019 and 2018', 'header2': 'Change between Fiscal increase (decrease)', 'header3': '(In thousands)'}, {'number_value': 22908.0, 'scale': 'thousand', 'category': 'Payroll and payroll-related benefits', 'header1': '2018 and 2017', 'header2': 'Change between Fiscal increase (decrease)', 'header3': '(In thousands)'}, {'number_value': -618.0, 'scale': 'thousand', 'category': 'Contract labour and consulting', 'header1': '2019 and 2018', 'header2': 'Change between Fiscal increase (decrease)', 'header3': '(In thousands)'}, {'number_value': -1054.0, 'scale': 'thousand', 'category': 'Contract labour and consulting', 'header1': '2018 and 2017', 'header2': 'Change between Fiscal increase (decrease)', 'header3': '(In thousands)'}, {'number_value': 768.0, 'scale': 'thousand', 'category': 'Share-based compensation', 'header1': '2019 and 2018', 'header2': 'Change between Fiscal increase (decrease)', 'header3': '(In thousands)'}, {'number_value': -1709.0, 'scale': 'thousand', 'category': 'Share-based compensation', 'header1': '2018 and 2017', 'header2': 'Change between Fiscal increase (decrease)', 'header3': '(In thousands)'}, {'number_value': 794.0, 'scale': 'thousand', 'category': 'Travel and communication', 'header1': '2019 and 2018', 'header2': 'Change between Fiscal increase (decrease)', 'header3': '(In thousands)'}, {'number_value': 80.0, 'scale': 'thousand', 'category': 'Travel and communication', 'header1': '2018 and 2017', 'header2': 'Change between Fiscal increase (decrease)', 'header3': '(In thousands)'}, {'number_value': -4537.0, 'scale': 'thousand', 'category': 'Facilities', 'header1': '2019 and 2018', 'header2': 'Change between Fiscal increase (decrease)', 'header3': '(In thousands)'}, {'number_value': 5777.0, 'scale': 'thousand', 'category': 'Facilities', 'header1': '2018 and 2017', 'header2': 'Change between Fiscal increase (decrease)', 'header3': '(In thousands)'}, {'number_value': 2186.0, 'scale': 'thousand', 'category': 'Other miscellaneous', 'header1': '2019 and 2018', 'header2': 'Change between Fiscal increase (decrease)', 'header3': '(In thousands)'}, {'number_value': 8872.0, 'scale': 'thousand', 'category': 'Other miscellaneous', 'header1': '2018 and 2017', 'header2': 'Change between Fiscal increase (decrease)', 'header3': '(In thousands)'}, {'number_value': 2682.0, 'scale': 'thousand', 'category': 'Total change in general and administrative expenses', 'header1': '2019 and 2018', 'header2': 'Change between Fiscal increase (decrease)', 'header3': '(In thousands)'}, {'number_value': 34874.0, 'scale': 'thousand', 'category': 'Total change in general and administrative expenses', 'header1': '2018 and 2017', 'header2': 'Change between Fiscal increase (decrease)', 'header3': '(In thousands)'}]","def run(value_list):
    """"""
    Calculates the average annual Total change in general and administrative expenses for fiscal year 2017 to 2019.

    Args:
        value_list: A list of dictionaries containing financial data.

    Returns:
        A tuple (number, scale).
    """"""
    total_change = 0
    count = 0

    for item in value_list:
        if item['category'] == 'Total change in general and administrative expenses':
            if '2017 and 2018' in item['header1'] or '2018 and 2017' in item['header1']:
                total_change += item['number_value']
                count += 1

    if count > 0:
        average = total_change / count
        return (round(average, 2), 'thousand')
    else:
        return (0.00, '')
","[34874.0, 1, 34874.0]","[2682.0, 34874.0]",False,selection_error
13,1771356436.375824,ce61f92d-668f-47cd-9b72-2265209f67a2,What was the average orders for 2019 and 2018?,"(19,975 + 18,451) / 2",(#+#)/#,(#+#)/#,19213.0,million,19213.0,million,True,False,False,False,False,,"[{'number_value': 19975.0, 'scale': 'million', 'category': 'Orders', 'header1': '2019', 'header2': 'Fiscal year', 'header3': '(in millions of €)'}, {'number_value': 18451.0, 'scale': 'million', 'category': 'Orders', 'header1': '2018', 'header2': 'Fiscal year', 'header3': '(in millions of €)'}, {'number_value': 8.0, 'scale': 'million', 'category': 'Orders', 'header1': 'Actual', 'header2': '% Change', 'header3': '(in millions of €)'}, {'number_value': 7.0, 'scale': 'million', 'category': 'Orders', 'header1': 'Comp.', 'header2': '% Change', 'header3': '(in millions of €)'}, {'number_value': 17663.0, 'scale': 'million', 'category': 'Revenue', 'header1': '2019', 'header2': 'Fiscal year', 'header3': '(in millions of €)'}, {'number_value': 18125.0, 'scale': 'million', 'category': 'Revenue', 'header1': '2018', 'header2': 'Fiscal year', 'header3': '(in millions of €)'}, {'number_value': -3.0, 'scale': 'million', 'category': 'Revenue', 'header1': 'Actual', 'header2': '% Change', 'header3': '(in millions of €)'}, {'number_value': -4.0, 'scale': 'million', 'category': 'Revenue', 'header1': 'Comp.', 'header2': '% Change', 'header3': '(in millions of €)'}, {'number_value': 8025.0, 'scale': 'million', 'category': 'therein: service business', 'header1': '2019', 'header2': 'Fiscal year', 'header3': '(in millions of €)'}, {'number_value': 7756.0, 'scale': 'million', 'category': 'therein: service business', 'header1': '2018', 'header2': 'Fiscal year', 'header3': '(in millions of €)'}, {'number_value': 3.0, 'scale': 'million', 'category': 'therein: service business', 'header1': 'Actual', 'header2': '% Change', 'header3': '(in millions of €)'}, {'number_value': 2.0, 'scale': 'million', 'category': 'therein: service business', 'header1': 'Comp.', 'header2': '% Change', 'header3': '(in millions of €)'}, {'number_value': 679.0, 'scale': 'million', 'category': 'Adjusted EBITA', 'header1': '2019', 'header2': 'Fiscal year', 'header3': '(in millions of €)'}, {'number_value': 722.0, 'scale': 'million', 'category': 'Adjusted EBITA', 'header1': '2018', 'header2': 'Fiscal year', 'header3': '(in millions of €)'}, {'number_value': -6.0, 'scale': 'million', 'category': 'Adjusted EBITA', 'header1': 'Actual', 'header2': '% Change', 'header3': '(in millions of €)'}, {'number_value': 3.8, 'scale': 'million', 'category': 'Adjusted EBITA margin', 'header1': '2019', 'header2': 'Fiscal year', 'header3': '(in millions of €)'}, {'number_value': 4.0, 'scale': 'million', 'category': 'Adjusted EBITA margin', 'header1': '2018', 'header2': 'Fiscal year', 'header3': '(in millions of €)'}]","def run(value_list):
    orders_2019 = 0
    orders_2018 = 0
    for item in value_list:
        if item['category'] == 'Orders' and item['header1'] == '2019':
            orders_2019 += item['number_value']
        elif item['category'] == 'Orders' and item['header1'] == '2018':
            orders_2018 += item['number_value']
    average = (orders_2019 + orders_2018) / 2
    return (round(average, 2), 'million')
","[19975.0, 18451.0, 19213.0]","[19975.0, 18451.0, 2.0]",True,none
